PfiFlowDefinition,Description,IsFlowEnabled,IsSubProcess,NotifyByEmail
"AnalyticsUpgradeCopyConsumerCustomization","AnalyticsUpgradeCopyConsumerCustomization","Yes","No","None"
"AnalyticsUpgradeCopyReportCustomization","AnalyticsUpgradeCopyReportCustomization","Yes","No","None"
"AnalyticsUpgradeSMDtoATC","AnalyticsUpgradeSMDtoATC","Yes","No","None"
"AnalyticsUpgradeSMDtoSTC","AnalyticsUpgradeSMDtoSTC","Yes","No","None"
"AnalyticsUpgradeSwapSTCATC","AnalyticsUpgradeSwapSTCATC","Yes","No","None"
"AnalyticsUpgradeTenantToTenant","AnalyticsUpgradeTenantToTenant","Yes","No","None"
"AssetApproval","AssetApproval","Yes","No","None"
"AssetReviewApproval","AssetReviewApproval","Yes","No","None"
"BankStatementDistributionApproval","BankStatementDistributionApproval","Yes","No","None"
"BankStatementReconciliationApproval","BankStatementReconciliationApproval","Yes","No","None"
"BillingInvoiceOutput","BillingInvoiceOutput","Yes","No","None"
"BudgetChangeApproval","BudgetChangeApproval","Yes","No","None"
"BudgetEditCallBack","BudgetEditCallBack","Yes","No","None"
"CMContNegFinalAppr","CMContNegFinalAppr","Yes","No","None"
"CMContNegFinalApprNoUpdate","CMContNegFinalApprNoUpdate","Yes","No","None"
"CMWordAppr","CMWordAppr","Yes","No","None"
"CashForecastApproval","CashForecastApproval","Yes","No","None"
"CashLedgerBatchApproval","CashLedgerBatchApproval","Yes","No","None"
"CashLedgerEFTExtractApproval","CashLedgerEFTExtractApproval","Yes","No","None"
"CashLedgerPaymentApproval","CashLedgerPaymentApproval","Yes","No","None"
"CashLedgerReceiptApproval","CashLedgerReceiptApproval","Yes","No","None"
"CashLedgerReturnedPaymentApproval","CashLedgerReturnedPaymentApproval","Yes","No","None"
"CashLedgerTransactionApproval","CashLedgerTransactionApproval","Yes","No","None"
"ChangeSupplierAddress","ChangeSupplierAddress","Yes","No","None"
"ChangeSupplierInformation","ChangeSupplierInformation","Yes","No","None"
"CheckForConcurrentWorkUnits","CheckForConcurrentWorkUnits","Yes","No","None"
"CloseApproval","CloseApproval","Yes","No","None"
"ContractChangeOrderApproval","ContractChangeOrderApproval","Yes","No","None"
"ContractEvaluationApproval","ContractEvaluationApproval","Yes","No","None"
"ContractProposalApproval","ContractProposalApproval","Yes","No","None"
"CreateLibraryTerm","CreateLibraryTerm","Yes","No","None"
"CustodialTransferApproval","CustodialTransferApproval","Yes","No","None"
"DataFlowToAnalyticsFullLoad","DataFlowToAnalyticsFullLoad","Yes","No","None"
"DataFlowToAnalyticsIncrementalLoad","DataFlowToAnalyticsIncrementalLoad","Yes","No","None"
"DepartmentTransactionApproval","DepartmentTransactionApproval","Yes","No","None"
"DepreciationApproval","DepreciationApproval","Yes","No","None"
"DetailPaymentVoidStopPayApproval","DetailPaymentVoidStopPayApproval","Yes","No","None"
"DunningLetterCSVFileGeneration","DunningLetterCSVFileGeneration","Yes","No","None"
"EDI822BankFeeStatementData","EDI822BankFeeStatementData","Yes","No","None"
"EDI832Import","EDI832Import","Yes","No","None"
"EDIDataExchange_Inbound","EDIDataExchange_Inbound","Yes","No","None"
"EDIDataExchange_Inbound_Translate","EDIDataExchange_Inbound_Translate","Yes","No","None"
"EDIDataExchange_Outbound","EDIDataExchange_Outbound","Yes","No","None"
"EDIDataExchange_Outbound_Single","EDIDataExchange_Outbound_Single","Yes","No","None"
"ExportCSVFiles","ExportCSVFiles","Yes","No","None"
"ExportCompanyAgingReportFile","ExportCompanyAgingReportFile","Yes","No","None"
"ExportEFTExtractFile","ExportEFTExtractFile","Yes","No","None"
"ExportEFTNotificationFile","ExportEFTNotificationFile","Yes","No","None"
"ExportEFTPaymentFiles","ExportEFTPaymentFiles","Yes","No","None"
"ExportEscheatmentOutputFiles","ExportEscheatmentOutputFiles","Yes","No","None"
"ExportExtractOutputFiles","ExportExtractOutputFiles","Yes","No","None"
"ExportPaymentOutputFiles","ExportPaymentOutputFiles","Yes","No","None"
"ExportStaleDateOutputFiles","ExportStaleDateOutputFiles","Yes","No","None"
"ExportUS1099File","ExportUS1099File","Yes","No","None"
"ExportWireTransferFiles","ExportWireTransferFiles","Yes","No","None"
"FSM_ION_AcknowledgeAdvanceShipNotice_Inbound","FSM_ION_AcknowledgeAdvanceShipNotice_Inbound","Yes","No","None"
"FSM_ION_AcknowledgeBROrderToReceipt_Inbound","FSM_ION_AcknowledgeBROrderToReceipt_Inbound","Yes","No","None"
"FSM_ION_AcknowledgeBROrdrToInv_Inbound","FSM_ION_AcknowledgeBROrdrToInv_Inbound","Yes","No","None"
"FSM_ION_AcknowledgeFinancialPartyMaster_Inbound","FSM_ION_AcknowledgeFinancialPartyMaster_Inbound","Yes","No","None"
"FSM_ION_AcknowledgeInvoice_Outbound","FSM_ION_AcknowledgeInvoice_Outbound","Yes","No","None"
"FSM_ION_AcknowledgePurchaseOrder_In","FSM_ION_AcknowledgePurchaseOrder_In","Yes","No","None"
"FSM_ION_AcknowledgeShipment_In","FSM_ION_AcknowledgeShipment_In","Yes","No","None"
"FSM_ION_AcknowledgeSourceSystemJournalEntry_Outbound","FSM_ION_AcknowledgeSourceSystemJournalEntry_Outbound","Yes","No","None"
"FSM_ION_AcknowledgeSupplierInvoice_Outbound","FSM_ION_AcknowledgeSupplierInvoice_Outbound","Yes","No","None"
"FSM_ION_AcknowledgeSupplierPartyMaster_Inbound","FSM_ION_AcknowledgeSupplierPartyMaster_Inbound","Yes","No","None"
"FSM_ION_BLPriceOverrideAlert","FSM_ION_BLPriceOverrideAlert","Yes","No","None"
"FSM_ION_BudgetExceedsAlert","FSM_ION_BudgetExceedsAlert","Yes","No","None"
"FSM_ION_BuyerPOApproveWorkflow","FSM_ION_BuyerPOApproveWorkflow","Yes","No","None"
"FSM_ION_CustomerAddCreditLimitChangeAlert","FSM_ION_CustomerAddCreditLimitChangeAlert","Yes","No","None"
"FSM_ION_CustomerCreditCheckFailWorkflow","FSM_ION_CustomerCreditCheckFailWorkflow","Yes","No","None"
"FSM_ION_CustomerOrderCanceledAlert","FSM_ION_CustomerOrderCanceledAlert","Yes","No","None"
"FSM_ION_CustomerOrderHoldAlert","FSM_ION_CustomerOrderHoldAlert","Yes","No","None"
"FSM_ION_CustomerOrderLineHoldAlert","FSM_ION_CustomerOrderLineHoldAlert","Yes","No","None"
"FSM_ION_CustomerOrderQuoteAlert","FSM_ION_CustomerOrderQuoteAlert","Yes","No","None"
"FSM_ION_CustomerOrderReturnAlert","FSM_ION_CustomerOrderReturnAlert","Yes","No","None"
"FSM_ION_ErrorSuspenseAlert","FSM_ION_ErrorSuspenseAlert","Yes","No","None"
"FSM_ION_InspectionItemRejectedAlert","FSM_ION_InspectionItemRejectedAlert","Yes","No","None"
"FSM_ION_InspectionReqAlert","FSM_ION_InspectionReqAlert","Yes","No","None"
"FSM_ION_LoadBankStatement_Inbound","FSM_ION_LoadBankStatement_Inbound","Yes","No","None"
"FSM_ION_LoadReceiveDelivery_Inbound","FSM_ION_LoadReceiveDelivery_Inbound","Yes","No","None"
"FSM_ION_LoadSupplierInvoice_Inbound","FSM_ION_LoadSupplierInvoice_Inbound","Yes","No","None"
"FSM_ION_MatchInvoiceImportAlert","FSM_ION_MatchInvoiceImportAlert","Yes","No","None"
"FSM_ION_OrderEntryBackOrderAlert","FSM_ION_OrderEntryBackOrderAlert","Yes","No","None"
"FSM_ION_POContractNotifyAlert","FSM_ION_POContractNotifyAlert","Yes","No","None"
"FSM_ION_POCostMsgAlert","FSM_ION_POCostMsgAlert","Yes","No","None"
"FSM_ION_POOverShipClearedAlert","FSM_ION_POOverShipClearedAlert","Yes","No","None"
"FSM_ION_POOverShipExistsAlert","FSM_ION_POOverShipExistsAlert","Yes","No","None"
"FSM_ION_PcardChargeDisputeAlert","FSM_ION_PcardChargeDisputeAlert","Yes","No","None"
"FSM_ION_PcardChargeRejectedAlert","FSM_ION_PcardChargeRejectedAlert","Yes","No","None"
"FSM_ION_PcardChargeReleasedAlert","FSM_ION_PcardChargeReleasedAlert","Yes","No","None"
"FSM_ION_ProcessAPInvoiceCSV_Inbound","FSM_ION_ProcessAPInvoiceCSV_Inbound","Yes","No","None"
"FSM_ION_ProcessARInvoiceCSV_Inbound","FSM_ION_ProcessARInvoiceCSV_Inbound","Yes","No","None"
"FSM_ION_ProcessAdvanceShipNotice_Out","FSM_ION_ProcessAdvanceShipNotice_Out","Yes","No","None"
"FSM_ION_ProcessAssetMaster_Out","FSM_ION_ProcessAssetMaster_Out","Yes","No","None"
"FSM_ION_ProcessBROrderToInv_Outbound","FSM_ION_ProcessBROrderToInv_Outbound","Yes","No","None"
"FSM_ION_ProcessBROrdertoReceipt_Outbound","FSM_ION_ProcessBROrdertoReceipt_Outbound","Yes","No","None"
"FSM_ION_ProcessBankStatement_Inbound","FSM_ION_ProcessBankStatement_Inbound","Yes","No","None"
"FSM_ION_ProcessBillToPartyMaster_Inbound","FSM_ION_ProcessBillToPartyMaster_Inbound","Yes","No","None"
"FSM_ION_ProcessBillToPartyMaster_Outbound","FSM_ION_ProcessBillToPartyMaster_Outbound","Yes","No","None"
"FSM_ION_ProcessCodeDefinition_Inbound","FSM_ION_ProcessCodeDefinition_Inbound","Yes","No","None"
"FSM_ION_ProcessContactMaster_Inbound","FSM_ION_ProcessContactMaster_Inbound","Yes","No","None"
"FSM_ION_ProcessContactMaster_Outbound","FSM_ION_ProcessContactMaster_Outbound","Yes","No","None"
"FSM_ION_ProcessContract_Outbound","FSM_ION_ProcessContract_Outbound","Yes","No","None"
"FSM_ION_ProcessCurrencyExchangeRateMaster_Inbound","FSM_ION_ProcessCurrencyExchangeRateMaster_Inbound","Yes","No","None"
"FSM_ION_ProcessCustomerPartyMaster_Inbound","FSM_ION_ProcessCustomerPartyMaster_Inbound","Yes","No","None"
"FSM_ION_ProcessFinancialPartyMaster_Out","FSM_ION_ProcessFinancialPartyMaster_Out","Yes","No","None"
"FSM_ION_ProcessInventoryTrans_Outbound","FSM_ION_ProcessInventoryTrans_Outbound","Yes","No","None"
"FSM_ION_ProcessInvoice_Inbound","FSM_ION_ProcessInvoice_Inbound","Yes","No","None"
"FSM_ION_ProcessItemMaster_Inbound","FSM_ION_ProcessItemMaster_Inbound","Yes","No","None"
"FSM_ION_ProcessPurchaseOrder_Inbound","FSM_ION_ProcessPurchaseOrder_Inbound","Yes","No","None"
"FSM_ION_ProcessPurchaseOrder_Outbound","FSM_ION_ProcessPurchaseOrder_Outbound","Yes","No","None"
"FSM_ION_ProcessReceiveDelivery_Inbound","FSM_ION_ProcessReceiveDelivery_Inbound","Yes","No","None"
"FSM_ION_ProcessRemitAdvice_In","FSM_ION_ProcessRemitAdvice_In","Yes","No","None"
"FSM_ION_ProcessRequisition_In","FSM_ION_ProcessRequisition_In","Yes","No","None"
"FSM_ION_ProcessSalesOrder_Inbound","FSM_ION_ProcessSalesOrder_Inbound","Yes","No","None"
"FSM_ION_ProcessShipToPartyMaster_Inbound","FSM_ION_ProcessShipToPartyMaster_Inbound","Yes","No","None"
"FSM_ION_ProcessShipToPartyMaster_Out","FSM_ION_ProcessShipToPartyMaster_Out","Yes","No","None"
"FSM_ION_ProcessShipment_Inbound","FSM_ION_ProcessShipment_Inbound","Yes","No","None"
"FSM_ION_ProcessShipment_Outbound","FSM_ION_ProcessShipment_Outbound","Yes","No","None"
"FSM_ION_ProcessSourceSystemJournalEntry_Inbound","FSM_ION_ProcessSourceSystemJournalEntry_Inbound","Yes","No","None"
"FSM_ION_ProcessSupplierInvoice_Inbound","FSM_ION_ProcessSupplierInvoice_Inbound","Yes","No","None"
"FSM_ION_ProcessSupplierPartyMaster_Out","FSM_ION_ProcessSupplierPartyMaster_Out","Yes","No","None"
"FSM_ION_ProcessVendorReturn_Out","FSM_ION_ProcessVendorReturn_Out","Yes","No","None"
"FSM_ION_ProcurementCardRejectAlert","FSM_ION_ProcurementCardRejectAlert","Yes","No","None"
"FSM_ION_ProcurementCardRequestAlert","FSM_ION_ProcurementCardRequestAlert","Yes","No","None"
"FSM_ION_ProjectAddAlert","FSM_ION_ProjectAddAlert","Yes","No","None"
"FSM_ION_ProjectContractAmountChangedAlert","FSM_ION_ProjectContractAmountChangedAlert","Yes","No","None"
"FSM_ION_ProjectContractStatusChangedAlert","FSM_ION_ProjectContractStatusChangedAlert","Yes","No","None"
"FSM_ION_ProjectDateChangedAlert","FSM_ION_ProjectDateChangedAlert","Yes","No","None"
"FSM_ION_ProjectDeleteAlert","FSM_ION_ProjectDeleteAlert","Yes","No","None"
"FSM_ION_ProjectFundingAmountChangedAlert","FSM_ION_ProjectFundingAmountChangedAlert","Yes","No","None"
"FSM_ION_ProjectFundingSourceActiveAlert","FSM_ION_ProjectFundingSourceActiveAlert","Yes","No","None"
"FSM_ION_ProjectFundingSourceActiveAndDateRangeAlert","FSM_ION_ProjectFundingSourceActiveAndDateRangeAlert","Yes","No","None"
"FSM_ION_ProjectFundingSourceAmountChangedAlert","FSM_ION_ProjectFundingSourceAmountChangedAlert","Yes","No","None"
"FSM_ION_ProjectFundingSourcePriorityAlert","FSM_ION_ProjectFundingSourcePriorityAlert","Yes","No","None"
"FSM_ION_ProjectPercentchangeAlert","FSM_ION_ProjectPercentchangeAlert","Yes","No","None"
"FSM_ION_ProjectPriority","FSM_ION_ProjectPriority","Yes","No","None"
"FSM_ION_ProjectStatusChangeAlert","FSM_ION_ProjectStatusChangeAlert","Yes","No","None"
"FSM_ION_ProjectStructureAddAlert","FSM_ION_ProjectStructureAddAlert","Yes","No","None"
"FSM_ION_ProjectWatchAlert","FSM_ION_ProjectWatchAlert","Yes","No","None"
"FSM_ION_PurchaseOrderReceiptImportAlert","FSM_ION_PurchaseOrderReceiptImportAlert","Yes","No","None"
"FSM_ION_ReconcilationInvoiceMessageAlert","FSM_ION_ReconcilationInvoiceMessageAlert","Yes","No","None"
"FSM_ION_RequestingLocation_Out","FSM_ION_RequestingLocation_Out","Yes","No","None"
"FSM_ION_RequisitionApprovalWorkflow","FSM_ION_RequisitionApprovalWorkflow","Yes","No","None"
"FSM_ION_RequisitionImportAlert","FSM_ION_RequisitionImportAlert","Yes","No","None"
"FSM_ION_ShipmentBackordVoidAlert","FSM_ION_ShipmentBackordVoidAlert","Yes","No","None"
"FSM_ION_ShipmentReleaseAlert","FSM_ION_ShipmentReleaseAlert","Yes","No","None"
"FSM_ION_ShowChartOfAccounts_Inbound","FSM_ION_ShowChartOfAccounts_Inbound","Yes","No","None"
"FSM_ION_ShowCodeDefinition_Inbound","FSM_ION_ShowCodeDefinition_Inbound","Yes","No","None"
"FSM_ION_ShowItemMaster_Inbound","FSM_ION_ShowItemMaster_Inbound","Yes","No","None"
"FSM_ION_SyncAccountingChart_Inbound","FSM_ION_SyncAccountingChart_Inbound","Yes","No","None"
"FSM_ION_SyncAccountingChart_Out","FSM_ION_SyncAccountingChart_Out","Yes","No","None"
"FSM_ION_SyncAccountingEntity_Inbound","FSM_ION_SyncAccountingEntity_Inbound","Yes","No","None"
"FSM_ION_SyncAccountingEntity_Out","FSM_ION_SyncAccountingEntity_Out","Yes","No","None"
"FSM_ION_SyncAdvanceShipNotice_Inbound","FSM_ION_SyncAdvanceShipNotice_Inbound","Yes","No","None"
"FSM_ION_SyncAssetMaster_Inbound","FSM_ION_SyncAssetMaster_Inbound","Yes","No","None"
"FSM_ION_SyncAssetMaster_Out","FSM_ION_SyncAssetMaster_Out","Yes","No","None"
"FSM_ION_SyncAssetTransaction_Out","FSM_ION_SyncAssetTransaction_Out","Yes","No","None"
"FSM_ION_SyncBROrdrToInv_Inbound","FSM_ION_SyncBROrdrToInv_Inbound","Yes","No","None"
"FSM_ION_SyncBROrdrToReceipt_In","FSM_ION_SyncBROrdrToReceipt_In","Yes","No","None"
"FSM_ION_SyncBillOfMaterials_Out","FSM_ION_SyncBillOfMaterials_Out","Yes","No","None"
"FSM_ION_SyncBillToPartyMaster_Out","FSM_ION_SyncBillToPartyMaster_Out","Yes","No","None"
"FSM_ION_SyncCaptureDocument_Inbound","FSM_ION_SyncCaptureDocument_Inbound","Yes","No","None"
"FSM_ION_SyncCashReceipt_Out","FSM_ION_SyncCashReceipt_Out","Yes","No","None"
"FSM_ION_SyncChartOfAccounts_Inbound","FSM_ION_SyncChartOfAccounts_Inbound","Yes","No","None"
"FSM_ION_SyncChartOfAccounts_Out","FSM_ION_SyncChartOfAccounts_Out","Yes","No","None"
"FSM_ION_SyncCodeDefinition_Inbound","FSM_ION_SyncCodeDefinition_Inbound","Yes","No","None"
"FSM_ION_SyncCodeDefinition_Out","FSM_ION_SyncCodeDefinition_Out","Yes","No","None"
"FSM_ION_SyncContactMaster_Outbound","FSM_ION_SyncContactMaster_Outbound","Yes","No","None"
"FSM_ION_SyncContract_Outbound","FSM_ION_SyncContract_Outbound","Yes","No","None"
"FSM_ION_SyncCreditTransfer_Out","FSM_ION_SyncCreditTransfer_Out","Yes","No","None"
"FSM_ION_SyncCurrencyExchangeRateMaster_Inbound","FSM_ION_SyncCurrencyExchangeRateMaster_Inbound","Yes","No","None"
"FSM_ION_SyncCurrencyExchangeRateMaster_Out","FSM_ION_SyncCurrencyExchangeRateMaster_Out","Yes","No","None"
"FSM_ION_SyncCustPrtyMstr_Outbound","FSM_ION_SyncCustPrtyMstr_Outbound","Yes","No","None"
"FSM_ION_SyncCustRemitAdvice_Out","FSM_ION_SyncCustRemitAdvice_Out","Yes","No","None"
"FSM_ION_SyncCustomerReturn_Out","FSM_ION_SyncCustomerReturn_Out","Yes","No","None"
"FSM_ION_SyncDebitTransfer_Out","FSM_ION_SyncDebitTransfer_Out","Yes","No","None"
"FSM_ION_SyncErrorAPInvoiceCSV_Outbound","FSM_ION_SyncErrorAPInvoiceCSV_Outbound","Yes","No","None"
"FSM_ION_SyncErrorARInvoiceCSV_Outbound","FSM_ION_SyncErrorARInvoiceCSV_Outbound","Yes","No","None"
"FSM_ION_SyncExpenseReport_Inbound","FSM_ION_SyncExpenseReport_Inbound","Yes","No","None"
"FSM_ION_SyncExpenseReport_Out","FSM_ION_SyncExpenseReport_Out","Yes","No","None"
"FSM_ION_SyncFinancialCalendar_Out","FSM_ION_SyncFinancialCalendar_Out","Yes","No","None"
"FSM_ION_SyncFinancialPartyMaster_Out","FSM_ION_SyncFinancialPartyMaster_Out","Yes","No","None"
"FSM_ION_SyncInspectDelivery_Out","FSM_ION_SyncInspectDelivery_Out","Yes","No","None"
"FSM_ION_SyncInvCount_Outbound","FSM_ION_SyncInvCount_Outbound","Yes","No","None"
"FSM_ION_SyncInventoryAdj_Outbound","FSM_ION_SyncInventoryAdj_Outbound","Yes","No","None"
"FSM_ION_SyncInventoryAdjustment_Inbound","FSM_ION_SyncInventoryAdjustment_Inbound","Yes","No","None"
"FSM_ION_SyncInventoryCount_Inbound","FSM_ION_SyncInventoryCount_Inbound","Yes","No","None"
"FSM_ION_SyncInventoryHold_Inbound","FSM_ION_SyncInventoryHold_Inbound","Yes","No","None"
"FSM_ION_SyncInvoice_Inbound","FSM_ION_SyncInvoice_Inbound","Yes","No","None"
"FSM_ION_SyncInvoice_Outbound","FSM_ION_SyncInvoice_Outbound","Yes","No","None"
"FSM_ION_SyncItemMaster_Inbound","FSM_ION_SyncItemMaster_Inbound","Yes","No","None"
"FSM_ION_SyncItemMaster_Outbound","FSM_ION_SyncItemMaster_Outbound","Yes","No","None"
"FSM_ION_SyncLCLTaxReport_Outbound","FSM_ION_SyncLCLTaxReport_Outbound","Yes","No","None"
"FSM_ION_SyncLCLTradeStatisticsEUSales_Outbound","FSM_ION_SyncLCLTradeStatisticsEUSales_Outbound","Yes","No","None"
"FSM_ION_SyncLCLTradeStatisticsIntrastat_Outbound","FSM_ION_SyncLCLTradeStatisticsIntrastat_Outbound","Yes","No","None"
"FSM_ION_SyncLocation_Outbound","FSM_ION_SyncLocation_Outbound","Yes","No","None"
"FSM_ION_SyncMaintenanceOrder_Inbound","FSM_ION_SyncMaintenanceOrder_Inbound","Yes","No","None"
"FSM_ION_SyncPayFromPartyMaster_Out","FSM_ION_SyncPayFromPartyMaster_Out","Yes","No","None"
"FSM_ION_SyncPayableTracker_Out","FSM_ION_SyncPayableTracker_Out","Yes","No","None"
"FSM_ION_SyncPayableTransaction_Outbound","FSM_ION_SyncPayableTransaction_Outbound","Yes","No","None"
"FSM_ION_SyncPerson_Out","FSM_ION_SyncPerson_Out","Yes","No","None"
"FSM_ION_SyncPersonnel_Inbound","FSM_ION_SyncPersonnel_Inbound","Yes","No","None"
"FSM_ION_SyncProductionOrder_Out","FSM_ION_SyncProductionOrder_Out","Yes","No","None"
"FSM_ION_SyncProjectContract_Out","FSM_ION_SyncProjectContract_Out","Yes","No","None"
"FSM_ION_SyncProjectMaster_Inbound","FSM_ION_SyncProjectMaster_Inbound","Yes","No","None"
"FSM_ION_SyncProjectMaster_Out","FSM_ION_SyncProjectMaster_Out","Yes","No","None"
"FSM_ION_SyncPurchaseOrder_Outbound","FSM_ION_SyncPurchaseOrder_Outbound","Yes","No","None"
"FSM_ION_SyncReceivableTracker_Outbound","FSM_ION_SyncReceivableTracker_Outbound","Yes","No","None"
"FSM_ION_SyncReceivableTransaction_Outbound","FSM_ION_SyncReceivableTransaction_Outbound","Yes","No","None"
"FSM_ION_SyncReceiveDelivery_Inbound","FSM_ION_SyncReceiveDelivery_Inbound","Yes","No","None"
"FSM_ION_SyncReceiveDelivery_Outbound","FSM_ION_SyncReceiveDelivery_Outbound","Yes","No","None"
"FSM_ION_SyncRemitToPartyMaster_Out","FSM_ION_SyncRemitToPartyMaster_Out","Yes","No","None"
"FSM_ION_SyncRemittanceAdvice_Outbound","FSM_ION_SyncRemittanceAdvice_Outbound","Yes","No","None"
"FSM_ION_SyncRequisitionReturn_Out","FSM_ION_SyncRequisitionReturn_Out","Yes","No","None"
"FSM_ION_SyncRequisition_Inbound","FSM_ION_SyncRequisition_Inbound","Yes","No","None"
"FSM_ION_SyncRequisition_Outbound","FSM_ION_SyncRequisition_Outbound","Yes","No","None"
"FSM_ION_SyncSalesOrder_Out","FSM_ION_SyncSalesOrder_Out","Yes","No","None"
"FSM_ION_SyncShipFromPartyMaster_Out","FSM_ION_SyncShipFromPartyMaster_Out","Yes","No","None"
"FSM_ION_SyncShipToPartyMaster_Out","FSM_ION_SyncShipToPartyMaster_Out","Yes","No","None"
"FSM_ION_SyncShipment_Inbound","FSM_ION_SyncShipment_Inbound","Yes","No","None"
"FSM_ION_SyncShipment_Outbound","FSM_ION_SyncShipment_Outbound","Yes","No","None"
"FSM_ION_SyncSourceSystemGLMovement_Out","FSM_ION_SyncSourceSystemGLMovement_Out","Yes","No","None"
"FSM_ION_SyncSourceSystemJournalEntry_Inbound","FSM_ION_SyncSourceSystemJournalEntry_Inbound","Yes","No","None"
"FSM_ION_SyncSourceSystemJournalEntry_Out","FSM_ION_SyncSourceSystemJournalEntry_Out","Yes","No","None"
"FSM_ION_SyncSupplierBalance_Out","FSM_ION_SyncSupplierBalance_Out","Yes","No","None"
"FSM_ION_SyncSupplierInvoice_Inbound","FSM_ION_SyncSupplierInvoice_Inbound","Yes","No","None"
"FSM_ION_SyncSupplierInvoice_Outbound","FSM_ION_SyncSupplierInvoice_Outbound","Yes","No","None"
"FSM_ION_SyncSupplierPartyMaster_Inbound","FSM_ION_SyncSupplierPartyMaster_Inbound","Yes","No","None"
"FSM_ION_SyncSupplierPartyMaster_Out","FSM_ION_SyncSupplierPartyMaster_Out","Yes","No","None"
"FSM_ION_SyncSupplierRMA_Inbound","FSM_ION_SyncSupplierRMA_Inbound","Yes","No","None"
"FSM_ION_SyncSupplierRMA_Outbound","FSM_ION_SyncSupplierRMA_Outbound","Yes","No","None"
"FSM_ION_WHBatchCreationAlert","FSM_ION_WHBatchCreationAlert","Yes","No","None"
"FSM_ION_WHShipmentCreationAlert","FSM_ION_WHShipmentCreationAlert","Yes","No","None"
"FSM_ION_WarehouseDemandCancelAlert","FSM_ION_WarehouseDemandCancelAlert","Yes","No","None"
"FSM_Strata_APCapital_Export","FSM_Strata_APCapital_Export","Yes","No","None"
"FSM_Strata_APDetail_Export","FSM_Strata_APDetail_Export","Yes","No","None"
"FSM_Strata_GLCapital_Export","FSM_Strata_GLCapital_Export","Yes","No","None"
"FSM_Strata_GLDetail_Export","FSM_Strata_GLDetail_Export","Yes","No","None"
"FSM_Strata_GLSummary_Export","FSM_Strata_GLSummary_Export","Yes","No","None"
"FSM_Strata_InventoryDetail_Extract","FSM_Strata_InventoryDetail_Extract","Yes","No","None"
"FSM_Strata_POCapital_Export","FSM_Strata_POCapital_Export","Yes","No","None"
"FSM_Strata_PODetail_Extract","FSM_Strata_PODetail_Extract","Yes","No","None"
"FSM_Strata_ShipToLocation_Export","FSM_Strata_ShipToLocation_Export","Yes","No","None"
"FSM_Strata_VendorCapital_Export","FSM_Strata_VendorCapital_Export","Yes","No","None"
"FileCreationSampleFlow","FileCreationSampleFlow","Yes","No","None"
"GLAutomatedInterface","GLAutomatedInterface","Yes","No","None"
"GetException","GetException","Yes","Yes","None"
"HealthTrustToInforContractGPO","HealthTrustToInforContractGPO","Yes","No","None"
"HealthTrustToInforContractGPO_V2","HealthTrustToInforContractGPO_V2","Yes","No","None"
"HealthTrustToInforContractGPO_V3","HealthTrustToInforContractGPO_V3","Yes","No","None"
"IIReplicationProcessor","IIReplicationProcessor","Yes","No","None"
"ImmediateApproval","ImmediateApproval","Yes","No","None"
"ImportApprovalAssignments","ImportApprovalAssignments","Yes","No","None"
"IntercompanyBillingDocumentApproval","IntercompanyBillingDocumentApproval","Yes","No","None"
"IntercompanyBillingDocumentApprovalForReceivable","IntercompanyBillingDocumentApprovalForReceivable","Yes","No","None"
"InvoiceApproval","InvoiceApproval","Yes","No","None"
"InvoiceApproval_V2","InvoiceApproval_V2","Yes","No","None"
"ItemApproval","ItemApproval","Yes","No","None"
"JournalEntryApproval","JournalEntryApproval","Yes","No","None"
"JournalizeInvoiceApproval","JournalizeInvoiceApproval","Yes","No","None"
"JournalizeRevenueApproval","JournalizeRevenueApproval","Yes","No","None"
"LaborDistributionApproval","LaborDistributionApproval","Yes","No","None"
"LaborRedistributionApproval","LaborRedistributionApproval","Yes","No","None"
"LeaseQueryDataImport","LeaseQueryDataImport","Yes","No","None"
"OneTimeTaskApproval","OneTimeTaskApproval","Yes","No","None"
"PortalCustomerUpdateRequest","PortalCustomerUpdateRequest","Yes","No","None"
"PositivePayOutputFile","PositivePayOutputFile","Yes","No","None"
"PostProvisioning-ValidatingAndRegisterOutOfDateSchemasSubProcess","PostProvisioning-ValidatingAndRegisterOutOfDateSchemasSubProcess","Yes","Yes","None"
"ProjectContractChangeRequest","ProjectContractChangeRequest","Yes","No","None"
"ProjectFundingSourceChangeRequest","ProjectFundingSourceChangeRequest","Yes","No","None"
"PurchaseAndSalesReportBelgiumFile","PurchaseAndSalesReportBelgiumFile","Yes","No","None"
"PurchaseOrderApproval","PurchaseOrderApproval","Yes","No","None"
"PurchaseOrderOutput","PurchaseOrderOutput","Yes","No","None"
"RecallApproval","RecallApproval","Yes","No","None"
"ReceivableApplicationAdjustmentApproval","ReceivableApplicationAdjustmentApproval","Yes","No","None"
"ReconciliationApproval","ReconciliationApproval","Yes","No","None"
"ReconciliationDistributionApproval","ReconciliationDistributionApproval","Yes","No","None"
"RecurringJournalEntryApproval","RecurringJournalEntryApproval","Yes","No","None"
"ReportFTPDistribution","ReportFTPDistribution","Yes","No","None"
"RequestAccessToken","RequestAccessToken","Yes","Yes","None"
"RequestEmployeeForProject","RequestEmployeeForProject","Yes","No","None"
"RequestNewAccount","RequestNewAccount","Yes","No","None"
"RequestNewAsset","RequestNewAsset","Yes","No","None"
"RequestNewCustodialRecord","RequestNewCustodialRecord","Yes","No","None"
"RequestNewCustomer","RequestNewCustomer","Yes","No","None"
"RequestNewFEGDimensions","RequestNewFEGDimensions","Yes","No","None"
"RequestNewInvoicePayment","RequestNewInvoicePayment","Yes","No","None"
"RequestNewItem","RequestNewItem","Yes","No","None"
"RequestNewItemLocation","RequestNewItemLocation","Yes","No","None"
"RequestNewPostingProject","RequestNewPostingProject","Yes","No","None"
"RequestNewSummaryProject","RequestNewSummaryProject","Yes","No","None"
"RequestNewVendor","RequestNewVendor","Yes","No","None"
"RequestNewVendorLocation","RequestNewVendorLocation","Yes","No","None"
"RequestProjectStatusChange","RequestProjectStatusChange","Yes","No","None"
"RequestUpdateAccount","RequestUpdateAccount","Yes","No","None"
"RequestUpdateCustomer","RequestUpdateCustomer","Yes","No","None"
"RequestUpdateItem","RequestUpdateItem","Yes","No","None"
"RequestUpdateVendor","RequestUpdateVendor","Yes","No","None"
"RequestUpdateVendorLocation","RequestUpdateVendorLocation","Yes","No","None"
"RequisitionApproval","RequisitionApproval","Yes","No","None"
"RequisitionApprovalGetEmailContent","RequisitionApprovalGetEmailContent","Yes","Yes","None"
"RequisitionLineApproval","RequisitionLineApproval","Yes","No","None"
"ReverseProjectContractInvoiceApproval","ReverseProjectContractInvoiceApproval","Yes","No","None"
"ReverseProjectContractRevenueApproval","ReverseProjectContractRevenueApproval","Yes","No","None"
"SyncBai2BankStatementData","SyncBai2BankStatementData","Yes","No","None"
"SyncBai2BankStatementData_PGP","SyncBai2BankStatementData_PGP","Yes","No","None"
"SyncCAMT053BankStatementData","SyncCAMT053BankStatementData","Yes","No","None"
"SyncCAMT05XBankStatementData","SyncCAMT05XBankStatementData","Yes","No","None"
"SyncCSVBankStatementData","SyncCSVBankStatementData","Yes","No","None"
"SyncMT940BankStatementData","SyncMT940BankStatementData","Yes","No","None"
"SyncMT940BankStatementData_PGP","SyncMT940BankStatementData_PGP","Yes","No","None"
"SyncMT942BankStatementData","SyncMT942BankStatementData","Yes","No","None"
"SyncMT942BankStatementData_PGP","SyncMT942BankStatementData_PGP","Yes","No","None"
"SyncProcurementCardMaster","SyncProcurementCardMaster","Yes","No","None"
"SyncProcurementCardVisa","SyncProcurementCardVisa","Yes","No","None"
"TransactionApprovalProcessor","TransactionApprovalProcessor","Yes","No","None"
"UpdateIONSchemas","UpdateIONSchemas","Yes","No","None"
"UpdateLibraryTerm","UpdateLibraryTerm","Yes","No","None"
"UpgradeAutomation-CreateExecuteWorkflowSubProcess","UpgradeAutomation-CreateExecuteWorkflowSubProcess","Yes","Yes","None"
"VizientToInforContractGPO","VizientToInforContractGPO","Yes","No","None"
"VizientToInforContractGPO_V2","VizientToInforContractGPO_V2","Yes","No","None"
"VizientToInforContractGPO_V3","VizientToInforContractGPO_V3","Yes","No","None"
"WireTransferApproval","WireTransferApproval","Yes","No","None"
"WorkOrderApproval","WorkOrderApproval","Yes","No","None"
"cmcontfinalappr","cmcontfinalappr","Yes","No","None"
"cmcontractappr","cmcontractappr","Yes","No","None"
"seapproval","seapproval","Yes","No","None"
"seawardapproval","seawardapproval","Yes","No","None"
"supplierappr","supplierappr","Yes","No","None"
"Total",,,,
